Period,Number,Premium
20250301100011049,8,17878
20250301100011048,4,33774
20250301100011047,3,32903
20250301100011046,0,13180
20250301100011045,4,30254
20250301100011044,3,79013
20250301100011043,0,70250
20250301100011042,7,22957
20250301100011041,2,53662
20250301100011040,8,88058
20250301100011032,4,78524
20250301100011031,9,70779
20250301100011030,0,33100
20250301100011029,1,66271
20250301100011028,3,53143
20250301100011027,4,50614
20250301100011026,5,90125
20250301100011025,8,10818
20250301100011024,0,96590
20250301100011023,1,81401
20250301100011015,0,30510
20250301100011014,1,56521
20250301100011013,8,86218
20250301100011012,8,70678
20250301100011011,8,59048
20250301100011010,9,42029
20250301100011009,6,24476
20250301100011008,8,95858
20250301100011007,4,32324
20250301100011006,3,36913
20250301100011005,6,82416
20250301100011004,9,19509
20250301100011003,8,31588
20250301100011002,4,30414
20250301100011001,1,73641
20250301100011000,1,87501
20250301100010999,8,11728
20250301100010998,1,15041
20250301100010997,2,59072
20250301100010996,7,64977
20250301100010995,9,85389
20250301100010994,5,39805
20250301100010993,4,54024
20250301100010992,9,23789
20250301100010991,1,25381
20250301100010990,3,66423
20250301100010989,6,36166
20250301100010988,4,24314
20250301100010987,7,20247
20250301100010986,1,64481
20250301100010977,4,23824
20250301100010976,7,89057
20250301100010975,8,53488
20250301100010974,2,74892
20250301100010973,3,20393
20250301100010972,1,89431
20250301100010971,8,95448
20250301100010970,9,13879
20250301100010969,6,77686
20250301100010968,3,27873
20250301100010954,9,78109
20250301100010953,3,28573
20250301100010952,1,82371
20250301100010951,9,76369
20250301100010950,5,30215
20250301100010949,2,20842
20250301100010948,2,28332
20250301100010947,4,86614
20250301100010946,0,92250
20250301100010945,0,72740
20250301100010944,7,66397
20250301100010943,9,94019
20250301100010942,5,31385
20250301100010941,9,33899
20250301100010940,0,41420
20250301100010939,5,17885
20250301100010938,8,49938
20250301100010937,5,32985
20250301100010936,3,93703
20250301100010935,4,98284
20250301100010930,6,33426
20250301100010929,5,64195
20250301100010928,3,42793
20250301100010927,6,75746
20250301100010926,2,85212
20250301100010925,9,50669
20250301100010924,1,60861
20250301100010923,9,97489
20250301100010922,4,44554
20250301100010921,2,15092
20250301100010914,5,37815
20250301100010913,7,66997
20250301100010912,7,39187
20250301100010911,1,27901
20250301100010910,8,75378
20250301100010909,6,47086
20250301100010908,0,74200
20250301100010907,3,22063
20250301100010906,1,34421
20250301100010905,5,14855
20250301100010894,2,97662
20250301100010893,5,20055
20250301100010892,8,47498
20250301100010891,7,20007
20250301100010890,9,27689
20250301100010889,9,85419
20250301100010888,8,74958
20250301100010887,4,30214
20250301100010886,2,32902
20250301100010885,0,50760
20250301100010884,8,81298
20250301100010883,0,39210
20250301100010882,2,77612
20250301100010881,2,89402
20250301100010880,5,65545
20250301100010879,2,20662
20250301100010878,6,84856
20250301100010877,2,86502
20250301100010876,6,30406
20250301100010875,9,74679
20250301100010871,0,32150
20250301100010870,9,48859
20250301100010869,7,39817
20250301100010868,4,86654
20250301100010867,0,98110
20250301100010866,5,90495
20250301100010865,6,61086
20250301100010864,8,74618
20250301100010863,3,70563
20250301100010862,2,94362
20250301100010853,4,31674
20250301100010852,6,57396
20250301100010851,5,11315
20250301100010850,7,23197
20250301100010849,9,43109
20250301100010848,8,62008
20250301100010847,6,18826
20250301100010846,1,70031
20250301100010845,0,47570
20250301100010844,8,57068
20250301100010835,7,27117
20250301100010834,3,52873
20250301100010833,3,16073
20250301100010832,5,80895
20250301100010831,9,37369
20250301100010830,8,66798
20250301100010829,8,66638
20250301100010828,7,60327
20250301100010827,2,11602
20250301100010826,0,62740
20250301100010825,9,14639
20250301100010824,2,64192
20250301100010823,9,62689
20250301100010822,4,90564
20250301100010821,3,60603
20250301100010820,9,60699
20250301100010819,0,45900
20250301100010818,5,74715
20250301100010817,0,76870
20250301100010816,0,76320
20250301100010815,2,99382
20250301100010814,4,46774
20250301100010813,2,12382
20250301100010812,6,27346
20250301100010811,3,41543
20250301100010810,9,23099
20250301100010809,3,17213
20250301100010808,8,68798
20250301100010807,1,34201
20250301100010804,8,13578
20250301100010803,0,92080
20250301100010802,3,46483
20250301100010801,8,87218
20250301100010800,2,85832
20250301100010799,2,86282
20250301100010798,1,87911
20250301100010797,4,30264
20250301100010796,5,17305
20250301100010795,2,45772
20250301100010779,4,34734
20250301100010778,2,99972
20250301100010777,6,73496
20250301100010776,4,90164
20250301100010775,4,82994
20250301100010774,1,92791
20250301100010773,5,84365
20250301100010772,6,20636
20250301100010771,4,86824
20250301100010770,4,42794
20250301100010750,1,46291
20250301100010749,6,78096
20250301100010748,6,19166
20250301100010747,5,92225
20250301100010746,1,49421
20250301100010745,3,57763
20250301100010744,0,62540
20250301100010743,7,56517
20250301100010742,1,52491
20250301100010741,3,80863
20250301100010715,2,45692
20250301100010714,8,97598
20250301100010713,2,83502
20250301100010712,8,76188
20250301100010711,3,52613
20250301100010710,2,78472
20250301100010709,6,80466
20250301100010708,2,62492
20250301100010707,4,76824
20250301100010706,1,93011
20250301100010705,4,30594
20250301100010704,9,66899
20250301100010703,7,15807
20250301100010702,1,21401
20250301100010701,5,98725
20250301100010700,5,27505
20250301100010699,2,52152
20250301100010698,0,61740
20250301100010697,6,71166
20250301100010696,3,48843
20250301100010695,9,17059
20250301100010694,2,25362
20250301100010693,4,61894
20250301100010692,4,20034
20250301100010691,3,29833
20250301100010690,4,15644
20250301100010689,3,90203
20250301100010688,7,27337
20250301100010687,9,28139
20250301100010685,3,65843
20250301100010684,8,97128
20250301100010683,3,72873
20250301100010682,6,10806
20250301100010681,4,96894
20250301100010680,3,30313
20250301100010679,1,12581
20250301100010678,3,91703
20250301100010677,2,35182
20250301100010676,0,84700
20250301100010674,2,75202
20250301100010673,8,23138
20250301100010672,7,42007
20250301100010671,0,87250
20250301100010670,1,61141
20250301100010669,9,70719
20250301100010668,9,67289
20250301100010667,7,57347
20250301100010666,4,92644
20250301100010665,3,30983
20250301100010656,5,11195
20250301100010655,0,65980
20250301100010654,5,63855
20250301100010653,6,28616
20250301100010652,7,15517
20250301100010651,9,15989
20250301100010650,6,69696
20250301100010649,3,60383
20250301100010648,4,79794
20250301100010647,3,93853
20250301100010646,6,81196
20250301100010645,6,45896
20250301100010644,4,70644
20250301100010643,3,78183
20250301100010642,3,41803
20250301100010641,5,10915
20250301100010640,6,68946
20250301100010639,5,45695
20250301100010638,6,45266
20250301100010637,1,58101
20250301100010636,0,36820
20250301100010635,8,17478
20250301100010634,2,22642
20250301100010633,5,13225
20250301100010632,9,47979
20250301100010631,5,21375
20250301100010630,4,64234
20250301100010629,9,93389
20250301100010623,8,43128
20250301100010622,0,39130
20250301100010621,4,70214
20250301100010620,0,72720
20250301100010619,8,40908
20250301100010618,1,23471
20250301100010617,9,75219
20250301100010616,6,70076
20250301100010615,5,65045
20250301100010614,3,84673
20250301100010599,6,84556
20250301100010598,6,95496
20250301100010597,3,65863
20250301100010596,7,51777
20250301100010595,7,38297
20250301100010594,7,52297
20250301100010593,1,32021
20250301100010592,1,16341
20250301100010591,0,11130
20250301100010590,7,67127
20250301100010589,4,85214
20250301100010588,3,95843
20250301100010587,9,60329
20250301100010586,1,32651
20250301100010585,1,19021
20250301100010584,7,48797
20250301100010583,4,57694
20250301100010582,5,81345
20250301100010581,3,16513
20250301100010580,3,35043
20250301100010579,5,25785
20250301100010578,4,99574
20250301100010577,3,83783
20250301100010576,5,46325
20250301100010575,0,88940
20250301100010574,7,93197
20250301100010573,1,55251
20250301100010572,8,28968
20250301100010571,3,20013
20250301100010570,1,72131
20250301100010569,6,78396
20250301100010568,4,89734
20250301100010567,7,48957
20250301100010566,4,42884
20250301100010565,6,70856
20250301100010564,0,85350
20250301100010563,5,67575
20250301100010562,9,85929
20250301100010561,7,12317
20250301100010560,5,12655
20250301100010554,7,92007
20250301100010553,1,78181
20250301100010552,4,56004
20250301100010551,1,97681
20250301100010550,5,91395
20250301100010549,3,24633
20250301100010548,2,70412
20250301100010547,2,20852
20250301100010546,4,58154
20250301100010545,8,10818
20250301100010534,3,82493
20250301100010533,4,48164
20250301100010532,8,97178
20250301100010531,2,84812
20250301100010530,0,25190
20250301100010529,1,25921
20250301100010528,7,17117
20250301100010527,8,13468
20250301100010526,4,89834
20250301100010525,6,12756
20250301100010520,4,84524
20250301100010519,4,78894
20250301100010518,3,20113
20250301100010517,3,19073
20250301100010516,1,50371
20250301100010515,2,32932
20250301100010514,7,70347
20250301100010513,5,97445
20250301100010512,5,66935
20250301100010511,6,84416
20250301100010502,2,76582
20250301100010501,6,95766
20250301100010500,4,18454
20250301100010499,9,72909
20250301100010498,2,35692
20250301100010497,4,22074
20250301100010496,9,36269
20250301100010495,9,99859
20250301100010494,6,62286
20250301100010493,3,15593
20250301100010476,8,20308
20250301100010475,2,29602
20250301100010474,8,11458
20250301100010473,0,19670
20250301100010472,8,61818
20250301100010471,0,16200
20250301100010470,3,37593
20250301100010469,1,67301
20250301100010468,1,53971
20250301100010467,8,71468
20250301100010466,9,94969
20250301100010465,0,33220
20250301100010464,0,87900
20250301100010463,2,78602
20250301100010462,5,66525
20250301100010461,0,62170
20250301100010460,3,57913
20250301100010459,0,70380
20250301100010458,7,30477
20250301100010457,6,11036
20250301100010456,3,31193
20250301100010455,9,50239
20250301100010454,8,35098
20250301100010453,9,35629
20250301100010452,8,53958
20250301100010451,0,59640
20250301100010450,8,51698
20250301100010449,6,31346
20250301100010448,8,45208
20250301100010447,1,34631
20250301100010446,9,43229
20250301100010445,8,25928
20250301100010444,7,50997
20250301100010443,6,72226
20250301100010442,7,49607
20250301100010441,9,59399
20250301100010440,0,67700
20250301100010439,8,53658
20250301100010438,5,81475
20250301100010433,6,62106
20250301100010432,1,97671
20250301100010431,2,81102
20250301100010430,7,42647
20250301100010429,7,47987
20250301100010428,0,39920
20250301100010427,2,25122
20250301100010426,9,73219
20250301100010425,4,88914
20250301100010424,0,67700
20250301100010414,0,42320
20250301100010413,9,38259
20250301100010412,6,14156
20250301100010411,1,74001
20250301100010410,9,81399
20250301100010409,3,43223
20250301100010408,4,87294
20250301100010407,5,92625
20250301100010406,9,41809
20250301100010405,4,72924
20250301100010403,5,78335
20250301100010402,9,43329
20250301100010401,0,54450
20250301100010400,2,60162
20250301100010399,6,43646
20250301100010398,2,14962
20250301100010397,1,86301
20250301100010396,9,90749
20250301100010395,9,92839
20250301100010394,8,38628
20250301100010381,8,75678
20250301100010380,2,96352
20250301100010379,9,92939
20250301100010378,4,52854
20250301100010377,3,70583
20250301100010376,2,19582
20250301100010375,2,44992
20250301100010374,5,13495
20250301100010373,6,41446
20250301100010372,0,30290
20250301100010354,9,56299
20250301100010353,6,61736
20250301100010352,0,97540
20250301100010351,8,25488
20250301100010350,3,30173
20250301100010349,8,39068
20250301100010348,8,58148
20250301100010347,1,72441
20250301100010346,6,56236
20250301100010345,0,68310
20250301100010344,4,95184
20250301100010343,0,99240
20250301100010342,7,99117
20250301100010341,3,66893
20250301100010340,2,23502
20250301100010339,0,65860
20250301100010338,7,30857
20250301100010337,2,84942
20250301100010336,2,99732
20250301100010335,7,75227
20250301100010331,3,65493
20250301100010330,2,58992
20250301100010329,8,15508
20250301100010328,3,82153
20250301100010327,1,89671
20250301100010326,9,17189
20250301100010325,2,25822
20250301100010324,1,43011
20250301100010323,0,29760
20250301100010322,5,72745
20250301100010314,9,80129
20250301100010313,9,14729
20250301100010312,4,97704
20250301100010311,8,31998
20250301100010310,7,49777
20250301100010309,5,79105
20250301100010308,3,43203
20250301100010307,2,39532
20250301100010306,5,27365
20250301100010305,0,98280
20250301100010294,3,74023
20250301100010293,4,76064
20250301100010292,3,51723
20250301100010291,9,15669
20250301100010290,9,22199
20250301100010289,5,49635
20250301100010288,8,38728
20250301100010287,5,57375
20250301100010286,9,89799
20250301100010285,2,88562
20250301100010281,7,86787
20250301100010280,2,54232
20250301100010279,9,95389
20250301100010278,9,94699
20250301100010277,3,65323
20250301100010276,2,42952
20250301100010275,9,11529
20250301100010274,7,27707
20250301100010273,5,73225
20250301100010272,7,14747
20250301100010267,2,17002
20250301100010266,2,73332
20250301100010265,1,32481
20250301100010264,5,24855
20250301100010263,1,12341
20250301100010262,4,15754
20250301100010261,9,93249
20250301100010260,2,59132
20250301100010259,8,77558
20250301100010258,9,72139
20250301100010239,4,93294
20250301100010238,0,57740
20250301100010237,5,75245
20250301100010236,5,88145
20250301100010235,9,76349
20250301100010234,7,90737
20250301100010233,7,75737
20250301100010232,5,18385
20250301100010231,1,78961
20250301100010230,8,87308
20250301100010229,5,56975
20250301100010228,2,79122
20250301100010227,7,15037
20250301100010226,5,19825
20250301100010225,7,27917
20250301100010224,1,30631
20250301100010223,9,79719
20250301100010222,4,25204
20250301100010221,5,98615
20250301100010220,9,96469
20250301100010213,9,82479
20250301100010212,6,89676
20250301100010211,3,26943
20250301100010210,1,76201
20250301100010209,6,39516
20250301100010208,6,31716
20250301100010207,4,44644
20250301100010206,5,59095
20250301100010205,4,60804
20250301100010204,5,52225
20250301100010179,1,30321
20250301100010178,4,87964
20250301100010177,1,27251
20250301100010176,0,12010
20250301100010175,9,78999
20250301100010174,2,77742
20250301100010173,2,47072
20250301100010172,0,62670
20250301100010171,2,45902
20250301100010170,0,25130
20250301100010118,0,69900
20250301100010117,4,86854
20250301100010116,5,60465
20250301100010115,7,28887
20250301100010114,4,13634
20250301100010113,7,37627
20250301100010112,6,41366
20250301100010111,1,33561
20250301100010110,0,83830
20250301100010109,0,60400
20250228100011439,2,15012
20250228100011438,3,37883
20250228100011437,3,46543
20250228100011436,2,60942
20250228100011435,2,95632
20250228100011434,9,93629
20250228100011433,9,34149
20250228100011432,1,93121
20250228100011431,6,66936
20250228100011430,0,58840
20250228100011429,0,85670
20250228100011428,4,40984
20250228100011427,5,20535
20250228100011426,8,64088
20250228100011425,3,36803
20250228100011424,8,91528
20250228100011423,4,77134
20250228100011422,9,72159
20250228100011421,7,20577
20250228100011420,4,87014
20250228100011419,7,82707
20250228100011418,3,61813
20250228100011417,3,43373
20250228100011416,0,24980
20250228100011415,8,76948
20250228100011414,5,60245
20250228100011413,3,37813
20250228100011412,5,49815
20250228100011411,5,67855
20250228100011410,3,88223
20250228100011409,2,56832
20250228100011408,3,14333
20250228100011407,3,54683
20250228100011406,1,18261
20250228100011405,9,20639
20250228100011404,9,74069
20250228100011403,3,56173
20250228100011402,6,38996
20250228100011401,2,41692
20250228100011400,6,23136
20250228100011399,4,23884
20250228100011398,3,62603
20250228100011397,7,94817
20250228100011396,4,59344
20250228100011395,6,17446
20250228100011394,8,14478
20250228100011393,6,38296
20250228100011392,9,82259
20250228100011391,0,61530
20250228100011390,0,27620
20250228100011377,8,71328
20250228100011376,1,39351
20250228100011375,6,32716
20250228100011374,5,44465
20250228100011373,1,56651
20250228100011372,1,81541
20250228100011371,2,62192
20250228100011370,4,71424
20250228100011369,8,64708
20250228100011368,5,21625
20250228100011367,5,44645
20250228100011366,1,69621
20250228100011365,9,66819
20250228100011364,0,10400
20250228100011363,4,80574
20250228100011362,1,89781
20250228100011361,1,32761
20250228100011360,6,92866
20250228100011359,6,30326
20250228100011358,7,14997
20250228100011357,0,94430
20250228100011356,9,18239
20250228100011355,3,25193
20250228100011354,0,55070
20250228100011353,1,28031
20250228100011352,3,70243
20250228100011351,3,20823
20250228100011350,5,93015
20250228100011349,8,38788
20250228100011342,7,77447
20250228100011341,3,67593
20250228100011340,0,25090
20250228100011339,7,61787
20250228100011338,5,72405
20250228100011337,9,29159
20250228100011336,3,10873
20250228100011335,2,30742
20250228100011334,8,24588
20250228100011333,4,30484
20250228100011319,7,79867
20250228100011318,4,47484
20250228100011317,8,11288
20250228100011316,9,25189
20250228100011315,2,52702
20250228100011314,3,34473
20250228100011313,0,48450
20250228100011312,9,33659
20250228100011311,6,28076
20250228100011310,4,92984
20250228100011309,3,96293
20250228100011308,5,55245
20250228100011307,6,96736
20250228100011306,3,14303
20250228100011305,9,70279
20250228100011304,6,49676
20250228100011303,7,32117
20250228100011302,9,96319
20250228100011301,7,32827
20250228100011300,5,38385
20250228100011299,3,79453
20250228100011298,0,34580
20250228100011297,6,69786
20250228100011296,4,52704
20250228100011295,0,99580
20250228100011294,6,28946
20250228100011293,0,11090
20250228100011292,1,65331
20250228100011291,2,96392
20250228100011290,7,14747
20250228100011289,5,94095
20250228100011288,9,92819
20250228100011287,5,19335
20250228100011286,9,56729
20250228100011285,5,41215
20250228100011284,7,51527
20250228100011283,6,15096
20250228100011282,0,39580
20250228100011281,9,64609
20250228100011278,4,80484
20250228100011277,9,62239
20250228100011276,0,30540
20250228100011275,8,64858
20250228100011274,2,32512
20250228100011273,7,86167
20250228100011272,5,11745
20250228100011271,5,98595
20250228100011270,9,25329
20250228100011269,3,43273
20250228100011257,1,63251
20250228100011256,5,60525
20250228100011255,0,87970
20250228100011254,6,75796
20250228100011253,5,86695
20250228100011252,4,98074
20250228100011251,5,20345
20250228100011250,5,22655
20250228100011249,6,84136
20250228100011248,4,99324
20250228100011247,9,55669
20250228100011246,5,30135
20250228100011245,7,35487
20250228100011244,5,36995
20250228100011243,3,32243
20250228100011242,4,15274
20250228100011241,9,25509
20250228100011240,2,50762
20250228100011239,4,98554
20250228100011238,4,53244
20250228100011237,2,53132
20250228100011236,2,46242
20250228100011235,5,81665
20250228100011234,4,79914
20250228100011233,3,88873
20250228100011232,0,41200
20250228100011231,3,13903
20250228100011230,5,80055
20250228100011229,3,33583
20250228100011220,2,69792
20250228100011219,6,84846
20250228100011218,4,82014
20250228100011217,7,75017
20250228100011216,0,65260
20250228100011215,8,60858
20250228100011214,8,70848
20250228100011213,2,20192
20250228100011212,4,56244
20250228100011211,5,79325
20250228100011196,1,98031
20250228100011195,6,61496
20250228100011194,9,35769
20250228100011193,1,40491
20250228100011192,3,87943
20250228100011191,3,89233
20250228100011190,2,39172
20250228100011189,1,51401
20250228100011188,8,66138
20250228100011187,9,12619
20250228100011186,1,34111
20250228100011185,3,72413
20250228100011184,8,17238
20250228100011183,9,67329
20250228100011182,6,62606
20250228100011181,2,35162
20250228100011180,4,35774
20250228100011179,1,44961
20250228100011178,7,46927
20250228100011177,4,69094
20250228100011176,2,62722
20250228100011175,8,70058
20250228100011174,8,64908
20250228100011173,9,14359
20250228100011172,8,71138
20250228100011171,9,68619
20250228100011170,4,94774
20250228100011169,3,31433
20250228100011168,5,29335
20250228100011166,6,30566
20250228100011165,2,21182
20250228100011164,1,92251
20250228100011163,7,84417
20250228100011162,4,71254
20250228100011161,2,52212
20250228100011160,7,67847
20250228100011159,8,85388
20250228100011158,8,51538
20250228100011157,5,53375
20250228100011153,4,96324
20250228100011152,2,80062
20250228100011151,4,97274
20250228100011150,2,28122
20250228100011149,0,77330
20250228100011148,5,76675
20250228100011147,6,79216
20250228100011146,2,59132
20250228100011145,4,87464
20250228100011144,8,19788
20250228100011134,9,85419
20250228100011133,6,78146
20250228100011132,5,97895
20250228100011131,9,75629
20250228100011130,2,32152
20250228100011129,3,82863
20250228100011128,2,24852
20250228100011127,5,33245
20250228100011126,5,70165
20250228100011125,8,77408
20250228100011124,6,71736
20250228100011123,8,18128
20250228100011122,9,63759
20250228100011121,0,30470
20250228100011120,0,72390
20250228100011119,0,18060
20250228100011118,9,63649
20250228100011117,1,81951
20250228100011116,5,78255
20250228100011115,8,77498
20250228100011101,0,74240
20250228100011100,2,56642
20250228100011099,1,61151
20250228100011098,1,46771
20250228100011097,7,39467
20250228100011096,2,66542
20250228100011095,8,42508
20250228100011094,5,75725
20250228100011093,5,26435
20250228100011092,0,86060
20250228100011074,7,90037
20250228100011073,3,29253
20250228100011072,0,73770
20250228100011071,9,92839
20250228100011070,7,70987
20250228100011069,1,64811
20250228100011068,4,14144
20250228100011067,7,14497
20250228100011066,7,65527
20250228100011065,0,87590
20250228100011064,8,19298
20250228100011063,1,38951
20250228100011062,5,20325
20250228100011061,8,88498
20250228100011060,4,30474
20250228100011059,4,42214
20250228100011058,1,29961
20250228100011057,3,17073
20250228100011056,3,58123
20250228100011055,3,28603
20250228100011050,4,56964
20250228100011049,8,18118
20250228100011048,9,95529
20250228100011047,3,81873
20250228100011046,6,70766
20250228100011045,3,51943
20250228100011044,3,86843
20250228100011043,9,32499
20250228100011042,9,99819
20250228100011041,7,20487
20250228100011033,1,21341
20250228100011032,0,57990
20250228100011031,2,34402
20250228100011030,4,89734
20250228100011029,0,99400
20250228100011028,8,95508
20250228100011027,0,16450
20250228100011026,1,82091
20250228100011025,9,49149
20250228100011024,6,12156
20250228100011014,6,66376
20250228100011013,7,99227
20250228100011012,2,49862
20250228100011011,7,88967
20250228100011010,1,62941
20250228100011009,8,85718
20250228100011008,8,54688
20250228100011007,3,16813
20250228100011006,2,52592
20250228100011005,0,19780
20250228100011000,0,57350
20250228100010999,5,34995
20250228100010998,6,58426
20250228100010997,4,47414
20250228100010996,6,62826
20250228100010995,6,68616
20250228100010994,5,66875
20250228100010993,4,82874
20250228100010992,8,51318
20250228100010991,4,86454
20250228100010979,3,25453
20250228100010978,9,69819
20250228100010977,7,91527
20250228100010976,2,39752
20250228100010975,9,30289
20250228100010974,8,58698
20250228100010973,8,16978
20250228100010972,9,45939
20250228100010971,3,47773
20250228100010970,0,95680
20250228100010955,7,45827
20250228100010954,5,62855
20250228100010953,0,92470
20250228100010952,7,61377
20250228100010951,0,18070
20250228100010950,5,21385
20250228100010949,9,91269
20250228100010948,4,12524
20250228100010947,0,99060
20250228100010946,6,54216
20250228100010944,8,86918
20250228100010943,7,42687
20250228100010942,8,38668
20250228100010941,1,63071
20250228100010940,6,98796
20250228100010939,5,11975
20250228100010938,1,50881
20250228100010937,7,91747
20250228100010936,2,83752
20250228100010935,7,11307
20250228100010932,7,52167
20250228100010931,4,51434
20250228100010930,2,76632
20250228100010929,4,26324
20250228100010928,3,29363
20250228100010927,7,77337
20250228100010926,2,80182
20250228100010925,1,26741
20250228100010924,0,87350
20250228100010923,6,71726
20250228100010916,7,10117
20250228100010915,8,48328
20250228100010914,6,57406
20250228100010913,9,62859
20250228100010912,0,79050
20250228100010911,4,45334
20250228100010910,8,71298
20250228100010909,5,54425
20250228100010908,5,53015
20250228100010907,1,88341
20250228100010894,9,34849
20250228100010893,7,38937
20250228100010892,3,78213
20250228100010891,3,35083
20250228100010890,5,35775
20250228100010889,1,55701
20250228100010888,8,22438
20250228100010887,2,80612
20250228100010886,8,43288
20250228100010885,3,52003
20250228100010884,3,49763
20250228100010883,0,77280
20250228100010882,1,30621
20250228100010881,5,78855
20250228100010880,4,50774
20250228100010879,7,56217
20250228100010878,3,62523
20250228100010877,0,89370
20250228100010876,6,22906
20250228100010875,5,33715
20250228100010873,8,92338
20250228100010872,7,77367
20250228100010871,1,22141
20250228100010870,6,53596
20250228100010869,3,92993
20250228100010868,1,24201
20250228100010867,7,33127
20250228100010866,5,94595
20250228100010865,7,43577
20250228100010864,8,71638
20250228100010854,0,51990
20250228100010853,0,50270
20250228100010852,3,35763
20250228100010851,6,14796
20250228100010850,9,15329
20250228100010849,6,94786
20250228100010848,0,21470
20250228100010847,8,17368
20250228100010846,9,49109
20250228100010845,8,11868
20250228100010834,6,38436
20250228100010833,1,19691
20250228100010832,0,48030
20250228100010831,4,42514
20250228100010830,7,17717
20250228100010829,9,13519
20250228100010828,9,80849
20250228100010827,3,68173
20250228100010826,9,29599
20250228100010825,5,42425
20250228100010824,9,19439
20250228100010823,2,38332
20250228100010822,7,41677
20250228100010821,8,46258
20250228100010820,5,41295
20250228100010819,8,86208
20250228100010818,3,59883
20250228100010817,9,70089
20250228100010816,1,71571
20250228100010815,7,58997
20250228100010810,7,47917
20250228100010809,9,35539
20250228100010808,7,32527
20250228100010807,2,36092
20250228100010806,2,72242
20250228100010805,2,96142
20250228100010804,0,32090
20250228100010803,3,17863
20250228100010802,0,84160
20250228100010801,3,38143
20250228100010782,8,42628
20250228100010781,0,74560
20250228100010780,4,67634
20250228100010779,6,58226
20250228100010778,4,67474
20250228100010777,7,36617
20250228100010776,8,35678
20250228100010775,4,19504
20250228100010774,2,70562
20250228100010773,7,72947
20250228100010755,1,37911
20250228100010754,4,95444
20250228100010753,2,27692
20250228100010752,0,31950
20250228100010751,1,21771
20250228100010750,9,39819
20250228100010749,2,26712
20250228100010748,2,58802
20250228100010747,4,57044
20250228100010746,0,71840
20250228100010716,9,61679
20250228100010715,7,45947
20250228100010714,9,96699
20250228100010713,4,11304
20250228100010712,0,27630
20250228100010711,2,42812
20250228100010710,7,20457
20250228100010709,0,62280
20250228100010708,7,95117
20250228100010707,1,28701
20250228100010706,0,67390
20250228100010705,7,39617
20250228100010704,5,97505
20250228100010703,2,53162
20250228100010702,2,79022
20250228100010701,4,27434
20250228100010700,4,90224
20250228100010699,5,29265
20250228100010698,4,17544
20250228100010697,2,16902
20250228100010696,8,67528
20250228100010695,4,96354
20250228100010694,9,31949
20250228100010693,3,29663
20250228100010692,0,30190
20250228100010691,8,18928
20250228100010690,9,79569
20250228100010689,0,82600
20250228100010688,4,34914
20250228100010686,3,90253
20250228100010685,7,20517
20250228100010684,4,32914
20250228100010683,4,39804
20250228100010682,9,95249
20250228100010681,8,59868
20250228100010680,2,34062
20250228100010679,1,83841
20250228100010678,2,49502
20250228100010677,4,68744
20250228100010673,4,58944
20250228100010672,4,54034
20250228100010671,1,38021
20250228100010670,6,16596
20250228100010669,9,67349
20250228100010668,7,45667
20250228100010667,4,70224
20250228100010666,1,93511
20250228100010665,8,46558
20250228100010664,3,33813
20250228100010655,0,98400
20250228100010654,2,36082
20250228100010653,4,98634
20250228100010652,5,74735
20250228100010651,8,15768
20250228100010650,5,82485
20250228100010649,5,63455
20250228100010648,7,65887
20250228100010647,6,58076
20250228100010646,7,14477
20250228100010645,1,51711
20250228100010644,0,24180
20250228100010643,6,18476
20250228100010642,9,15009
20250228100010641,4,27744
20250228100010640,2,95402
20250228100010639,0,44140
20250228100010638,3,54713
20250228100010637,1,20981
20250228100010636,8,57428
20250228100010635,4,55624
20250228100010634,8,43968
20250228100010633,7,67227
20250228100010632,2,54592
20250228100010631,9,47239
20250228100010630,3,83003
20250228100010629,5,49635
20250228100010628,4,57934
20250228100010627,2,37092
20250228100010616,7,56567
20250228100010615,0,82110
20250228100010614,1,97581
20250228100010613,2,77772
20250228100010612,7,26197
20250228100010611,8,62808
20250228100010610,2,45142
20250228100010609,4,15464
20250228100010608,5,32895
20250228100010607,1,80981
20250228100010594,4,28984
20250228100010593,8,91808
20250228100010592,2,67132
20250228100010591,6,40496
20250228100010590,9,19379
20250228100010589,5,18425
20250228100010588,1,39881
20250228100010587,6,19906
20250228100010586,1,40991
20250228100010585,0,46470
20250228100010584,1,41901
20250228100010583,5,19065
20250228100010582,9,60559
20250228100010581,8,96578
20250228100010580,8,86648
20250228100010579,3,81883
20250228100010578,6,89386
20250228100010577,1,25301
20250228100010576,3,63673
20250228100010575,7,98797
20250228100010571,7,26247
20250228100010570,7,96187
20250228100010569,6,97886
20250228100010568,6,25266
20250228100010567,2,68802
20250228100010566,0,27940
20250228100010565,9,30319
20250228100010564,6,72796
20250228100010563,9,52519
20250228100010562,3,11153
20250228100010556,9,49549
20250228100010555,0,63240
20250228100010554,0,23570
20250228100010553,9,30899
20250228100010552,1,89551
20250228100010551,8,84918
20250228100010550,0,77220
20250228100010549,1,42631
20250228100010548,5,16545
20250228100010547,4,50144
20250228100010534,8,58218
20250228100010533,7,72757
20250228100010532,9,89239
20250228100010531,9,30969
20250228100010530,1,98051
20250228100010529,9,49539
20250228100010528,2,48152
20250228100010527,4,89204
20250228100010526,9,38429
20250228100010525,8,76498
20250228100010523,2,99302
20250228100010522,2,51502
20250228100010521,5,17005
20250228100010520,2,81522
20250228100010519,9,66939
20250228100010518,9,21369
20250228100010517,5,49665
20250228100010516,7,72607
20250228100010515,0,11940
20250228100010514,3,65183
20250228100010507,9,52379
20250228100010506,5,16655
20250228100010505,0,67290
20250228100010504,9,24079
20250228100010503,4,62154
20250228100010502,2,68782
20250228100010501,1,58501
20250228100010500,9,44679
20250228100010499,2,43152
20250228100010498,5,51515
20250228100010477,7,20097
20250228100010476,5,42115
20250228100010475,2,76202
20250228100010474,3,88863
20250228100010473,2,81042
20250228100010472,9,94729
20250228100010471,9,26049
20250228100010470,6,19096
20250228100010469,5,88825
20250228100010468,3,37993
20250228100010467,5,91175
20250228100010466,7,95417
20250228100010465,2,99682
20250228100010464,1,88011
20250228100010463,2,45592
20250228100010462,7,59917
20250228100010461,8,42698
20250228100010460,8,97978
20250228100010459,7,82757
20250228100010458,5,90215
20250228100010457,8,35378
20250228100010456,5,25395
20250228100010455,6,94426
20250228100010454,4,61114
20250228100010453,6,13266
20250228100010452,0,18430
20250228100010451,1,64441
20250228100010450,7,70557
20250228100010449,7,57137
20250228100010448,8,83858
20250228100010447,1,96801
20250228100010446,5,21655
20250228100010445,2,45212
20250228100010444,6,88096
20250228100010443,3,63453
20250228100010442,1,60681
20250228100010441,0,42770
20250228100010440,3,89533
20250228100010439,5,87815
20250228100010435,1,69621
20250228100010434,9,28039
20250228100010433,5,65445
20250228100010432,1,97491
20250228100010431,8,53418
20250228100010430,5,73925
20250228100010429,2,86892
20250228100010428,2,31592
20250228100010427,4,77574
20250228100010426,3,68203
20250228100010414,8,92498
20250228100010413,2,13472
20250228100010412,4,20214
20250228100010411,2,56822
20250228100010410,9,73799
20250228100010409,1,53251
20250228100010408,7,93157
20250228100010407,1,28931
20250228100010406,7,89707
20250228100010405,2,60452
20250228100010404,3,58383
20250228100010403,9,54259
20250228100010402,0,89490
20250228100010401,3,24803
20250228100010400,8,70238
20250228100010399,0,72730
20250228100010398,4,72614
20250228100010397,2,69212
20250228100010396,0,80570
20250228100010395,6,50886
20250228100010382,6,53486
20250228100010381,3,21993
20250228100010380,4,90334
20250228100010379,3,66013
20250228100010378,9,43419
20250228100010377,8,30518
20250228100010376,2,31572
20250228100010375,3,64493
20250228100010374,1,53541
20250228100010373,9,24229
20250228100010354,8,69138
20250228100010353,7,42827
20250228100010352,5,88485
20250228100010351,4,52554
20250228100010350,9,85249
20250228100010349,7,56937
20250228100010348,9,30619
20250228100010347,9,72069
20250228100010346,9,10359
20250228100010345,9,99929
20250228100010344,8,44188
20250228100010343,1,76651
20250228100010342,1,99841
20250228100010341,7,19167
20250228100010340,4,66654
20250228100010339,2,61692
20250228100010338,8,83238
20250228100010337,9,15409
20250228100010336,1,16301
20250228100010335,7,54937
20250228100010334,4,37314
20250228100010333,8,76978
20250228100010332,3,67203
20250228100010331,8,90868
20250228100010330,0,90300
20250228100010329,4,76974
20250228100010328,0,26010
20250228100010327,7,46357
20250228100010326,8,30228
20250228100010325,5,22475
20250228100010315,1,70141
20250228100010314,1,55711
20250228100010313,6,13136
20250228100010312,2,15792
20250228100010311,8,11488
20250228100010310,5,96675
20250228100010309,1,76671
20250228100010308,9,89679
20250228100010307,1,71571
20250228100010306,0,90370
20250228100010294,6,34776
20250228100010293,9,96059
20250228100010292,3,55243
20250228100010291,7,41717
20250228100010290,8,35378
20250228100010289,1,87501
20250228100010288,3,51493
20250228100010287,8,69908
20250228100010286,3,16023
20250228100010285,9,29969
20250228100010281,4,14944
20250228100010280,7,64087
20250228100010279,8,39748
20250228100010278,0,61780
20250228100010277,3,41973
20250228100010276,1,97991
20250228100010275,1,54791
20250228100010274,7,68357
20250228100010273,9,91869
20250228100010272,7,89137
20250228100010266,9,75439
20250228100010265,5,70165
20250228100010264,1,21681
20250228100010263,6,33626
20250228100010262,9,28969
20250228100010261,6,89126
20250228100010260,4,73774
20250228100010259,6,69116
20250228100010258,8,22598
20250228100010257,0,48630
20250228100010237,4,78654
20250228100010236,8,20278
20250228100010235,0,85670
20250228100010234,7,29517
20250228100010233,6,27496
20250228100010232,9,16919
20250228100010231,7,74577
20250228100010230,7,81047
20250228100010229,0,67130
20250228100010228,9,77869
20250228100010227,7,90217
20250228100010226,5,54385
20250228100010225,0,27200
20250228100010224,2,56142
20250228100010223,9,50119
20250228100010222,7,39677
20250228100010221,5,44545
20250228100010220,3,95593
20250228100010219,9,53849
20250228100010214,7,52157
20250228100010213,8,22188
20250228100010212,2,66532
20250228100010211,8,14778
20250228100010210,4,14174
20250228100010209,9,34529
20250228100010208,6,62616
20250228100010207,5,33235
20250228100010206,3,82583
20250228100010205,1,40841
20250228100010186,8,72368
20250228100010185,3,87053
20250228100010184,4,86304
20250228100010183,2,97472
20250228100010182,5,79065
20250228100010181,6,61746
20250228100010180,3,25823
20250228100010179,0,24630
20250228100010178,6,23476
20250228100010177,1,10221
20250228100010154,0,27230
20250228100010153,8,10228
20250228100010152,1,39911
20250228100010151,4,51644
20250228100010150,1,52361
20250228100010149,5,95115
20250228100010148,6,58926
20250228100010147,6,74526
20250228100010146,9,72659
20250228100010145,3,66583
20250228100010073,2,41742
20250228100010072,8,99448
20250228100010071,0,26070
20250228100010070,2,33312
20250228100010069,3,75573
20250228100010068,5,36695
20250228100010067,4,67954
20250228100010066,3,24213
20250228100010065,3,22763
20250228100010064,9,31219
20250227100011435,0,96430
20250227100011434,5,25195
20250227100011433,3,71013
20250227100011432,5,22385
20250227100011431,7,45217
20250227100011430,7,95337
20250227100011429,7,92257
20250227100011428,0,71940
20250227100011427,1,34991
20250227100011426,2,19452
20250227100011425,5,28125
20250227100011424,8,89718
20250227100011423,5,15175
20250227100011422,8,54658
20250227100011421,9,81189
20250227100011420,6,63916
20250227100011419,8,38928
20250227100011418,3,44863
20250227100011417,7,82947
20250227100011416,7,75947
20250227100011415,5,91725
20250227100011414,4,60164
20250227100011413,7,67297
20250227100011412,4,46714
20250227100011411,0,15420
20250227100011410,1,95461
20250227100011409,7,65517
20250227100011408,2,81822
20250227100011407,8,45608
20250227100011406,4,46864
20250227100011402,0,16210
20250227100011401,8,70428
20250227100011400,4,55344
20250227100011399,9,36089
20250227100011398,8,53828
20250227100011397,3,35683
20250227100011396,5,80035
20250227100011395,2,98142
20250227100011394,2,33112
20250227100011393,6,42696
20250227100011378,7,54377
20250227100011377,9,27219
20250227100011376,7,86217
20250227100011375,4,64984
20250227100011374,0,19870
20250227100011373,6,63866
20250227100011372,8,56998
20250227100011371,9,77829
20250227100011370,5,54035
20250227100011369,4,96254
20250227100011368,2,17592
20250227100011367,3,93973
20250227100011366,0,33870
20250227100011365,4,40364
20250227100011364,5,67815
20250227100011363,3,84473
20250227100011362,6,12006
20250227100011361,4,67314
20250227100011360,9,67969
20250227100011359,3,44213
20250227100011358,0,93890
20250227100011357,9,53039
20250227100011356,3,72343
20250227100011355,2,23122
20250227100011354,2,53482
20250227100011353,4,49564
20250227100011352,8,78978
20250227100011351,6,41036
20250227100011350,2,58572
20250227100011344,0,22690
20250227100011343,6,31416
20250227100011342,8,91418
20250227100011341,4,75134
20250227100011340,9,22929
20250227100011339,8,22958
20250227100011338,0,73190
20250227100011337,8,81798
20250227100011336,9,21649
20250227100011335,4,60924
20250227100011318,4,68934
20250227100011317,1,68511
20250227100011316,3,99113
20250227100011315,6,29426
20250227100011314,8,94848
20250227100011313,9,31599
20250227100011312,9,27269
20250227100011311,3,29983
20250227100011310,7,32517
20250227100011309,7,43107
20250227100011308,4,32404
20250227100011307,1,57401
20250227100011306,8,90368
20250227100011305,7,28027
20250227100011304,9,56909
20250227100011303,3,36733
20250227100011302,5,64875
20250227100011301,1,58821
20250227100011300,3,32373
20250227100011299,9,22619
20250227100011298,5,93145
20250227100011297,9,67329
20250227100011296,0,52930
20250227100011295,4,68304
20250227100011294,8,48598
20250227100011293,7,63277
20250227100011292,2,57372
20250227100011291,1,90601
20250227100011290,0,47990
20250227100011289,5,53095
20250227100011288,3,99583
20250227100011287,6,81946
20250227100011286,9,11299
20250227100011285,7,57727
20250227100011284,8,79758
20250227100011283,7,72557
20250227100011282,7,81157
20250227100011281,7,13607
20250227100011280,4,83144
20250227100011274,1,14891
20250227100011273,6,25486
20250227100011272,2,44872
20250227100011271,3,16463
20250227100011270,3,93733
20250227100011269,1,73701
20250227100011268,2,33322
20250227100011267,4,50514
20250227100011266,4,23634
20250227100011265,6,37766
20250227100011254,7,42727
20250227100011253,2,62352
20250227100011252,6,47036
20250227100011251,1,54611
20250227100011250,5,96765
20250227100011249,0,47570
20250227100011248,9,92309
20250227100011247,8,65358
20250227100011246,8,57058
20250227100011245,9,38059
20250227100011244,7,15447
20250227100011243,0,26030
20250227100011242,4,60674
20250227100011241,7,20697
20250227100011240,5,13055
20250227100011239,4,98604
20250227100011238,2,76852
20250227100011237,2,85352
20250227100011236,1,67511
20250227100011235,8,34788
20250227100011234,0,91520
20250227100011233,0,60070
20250227100011232,4,39404
20250227100011231,4,56034
20250227100011230,9,22659
20250227100011229,9,44059
20250227100011228,7,39077
20250227100011227,9,34829
20250227100011226,5,87315
20250227100011225,9,88979
20250227100011219,3,14963
20250227100011218,8,42048
20250227100011217,8,88138
20250227100011216,2,41082
20250227100011215,0,49380
20250227100011214,1,44261
20250227100011213,8,72628
20250227100011212,4,30484
20250227100011211,9,44549
20250227100011210,1,34211
20250227100011196,4,20364
20250227100011195,4,76684
20250227100011194,0,69780
20250227100011193,8,72738
20250227100011192,7,47917
20250227100011191,0,48630
20250227100011190,5,31575
20250227100011189,5,60915
20250227100011188,3,67963
20250227100011187,5,12225
20250227100011186,6,77766
20250227100011185,2,27982
20250227100011184,5,47055
20250227100011183,8,77288
20250227100011182,4,85714
20250227100011181,2,10312
20250227100011180,2,55082
20250227100011179,2,55442
20250227100011178,4,94374
20250227100011177,2,14802
20250227100011176,7,34327
20250227100011175,8,76368
20250227100011174,2,98802
20250227100011173,3,96823
20250227100011172,1,69611
20250227100011171,9,79209
20250227100011170,2,33062
20250227100011169,3,20883
20250227100011168,3,69853
20250227100011167,9,36849
20250227100011165,5,62125
20250227100011164,4,72194
20250227100011163,1,16311
20250227100011162,0,67600
20250227100011161,0,54260
20250227100011160,9,31819
20250227100011159,3,79613
20250227100011158,5,21435
20250227100011157,5,31935
20250227100011156,7,34827
20250227100011152,5,18785
20250227100011151,7,82117
20250227100011150,4,68424
20250227100011149,8,34718
20250227100011148,0,26340
20250227100011147,0,26780
20250227100011146,9,65799
20250227100011145,0,40680
20250227100011144,3,75093
20250227100011143,0,12230
20250227100011134,4,12624
20250227100011133,7,15367
20250227100011132,7,14337
20250227100011131,8,95758
20250227100011130,9,28719
20250227100011129,7,18227
20250227100011128,7,59427
20250227100011127,7,99147
20250227100011126,6,45076
20250227100011125,5,94975
20250227100011124,4,43644
20250227100011123,0,52610
20250227100011122,4,17624
20250227100011121,0,57730
20250227100011120,7,15857
20250227100011119,7,40137
20250227100011118,4,11564
20250227100011117,5,83555
20250227100011116,0,56800
20250227100011115,9,15239
20250227100011101,8,84588
20250227100011100,0,88880
20250227100011099,6,10826
20250227100011098,7,41597
20250227100011097,1,83501
20250227100011096,5,20725
20250227100011095,7,59467
20250227100011094,8,18188
20250227100011093,4,32624
20250227100011092,5,79725
20250227100011074,6,98356
20250227100011073,1,35201
20250227100011072,6,26766
20250227100011071,8,98378
20250227100011070,4,96084
20250227100011069,9,59179
20250227100011068,2,37192
20250227100011067,1,82131
20250227100011066,8,49398
20250227100011065,3,49383
20250227100011064,2,61162
20250227100011063,8,88478
20250227100011062,4,83104
20250227100011061,2,82572
20250227100011060,6,67506
20250227100011059,0,51430
20250227100011058,3,86803
20250227100011057,1,53721
20250227100011056,0,33770
20250227100011055,2,97242
20250227100011051,5,43715
20250227100011050,1,79591
20250227100011049,1,76061
20250227100011048,9,48939
20250227100011047,9,45099
20250227100011046,6,56066
20250227100011045,7,37447
20250227100011044,3,66543
20250227100011043,1,91431
20250227100011042,0,82650
20250227100011034,8,92468
20250227100011033,2,84032
20250227100011032,0,94390
20250227100011031,5,25625
20250227100011030,2,23292
20250227100011029,8,70728
20250227100011028,7,65207
20250227100011027,5,97795
20250227100011026,6,38866
20250227100011025,2,81512
20250227100011015,0,28100
20250227100011014,5,96005
20250227100011013,2,81792
20250227100011012,1,14331
20250227100011011,9,32049
20250227100011010,1,67601
20250227100011009,0,59110
20250227100011008,7,20707
20250227100011007,0,29750
20250227100011006,4,46044
20250227100011005,2,10712
20250227100011004,8,61258
20250227100011003,7,50657
20250227100011002,4,82654
20250227100011001,7,72357
20250227100011000,4,61614
20250227100010999,9,79519
20250227100010998,2,21022
20250227100010997,9,59529
20250227100010996,3,78763
20250227100010980,8,38588
20250227100010979,2,20492
20250227100010978,4,74954
20250227100010977,2,13062
20250227100010976,3,70433
20250227100010975,9,16019
20250227100010974,5,79755
20250227100010973,5,97395
20250227100010972,4,98934
20250227100010971,3,27533
20250227100010955,9,87819
20250227100010954,2,69422
20250227100010953,1,15051
20250227100010952,7,94707
20250227100010951,0,17300
20250227100010950,7,41437
20250227100010949,5,83025
20250227100010948,4,14824
20250227100010947,9,43209
20250227100010946,1,11231
20250227100010944,8,29898
20250227100010943,8,84218
20250227100010942,1,45341
20250227100010941,1,90341
20250227100010940,3,88893
20250227100010939,1,94551
20250227100010938,0,69160
20250227100010937,9,82719
20250227100010936,3,52663
20250227100010935,3,45533
20250227100010934,9,93619
20250227100010933,7,56807
20250227100010932,0,46800
20250227100010931,6,35706
20250227100010930,8,20358
20250227100010929,2,53682
20250227100010928,5,73635
20250227100010927,1,48791
20250227100010926,9,47649
20250227100010925,8,16308
20250227100010917,0,36170
20250227100010916,6,98686
20250227100010915,5,38785
20250227100010914,0,84540
20250227100010913,4,11354
20250227100010912,5,32925
20250227100010911,0,98640
20250227100010910,9,20619
20250227100010909,8,92968
20250227100010908,9,32999
20250227100010895,4,46684
20250227100010894,3,24973
20250227100010893,7,81227
20250227100010892,3,72883
20250227100010891,7,75177
20250227100010890,0,41420
20250227100010889,6,75556
20250227100010888,9,63199
20250227100010887,2,63272
20250227100010886,8,74308
20250227100010885,4,50084
20250227100010884,5,20055
20250227100010883,4,52634
20250227100010882,1,77711
20250227100010881,8,97468
20250227100010880,1,54641
20250227100010879,5,82735
20250227100010878,2,81762
20250227100010877,7,37337
20250227100010876,0,54680
20250227100010874,7,35477
20250227100010873,0,30130
20250227100010872,7,98097
20250227100010871,8,76178
20250227100010870,4,47354
20250227100010869,2,57022
20250227100010868,8,30608
20250227100010867,2,84452
20250227100010866,3,18213
20250227100010865,6,77386
20250227100010855,5,97725
20250227100010854,4,80874
20250227100010853,4,35344
20250227100010852,2,37572
20250227100010851,6,31276
20250227100010850,1,99031
20250227100010849,6,98126
20250227100010848,9,13379
20250227100010847,3,88213
20250227100010846,0,25280
20250227100010835,7,82587
20250227100010834,8,52068
20250227100010833,4,90114
20250227100010832,2,14822
20250227100010831,8,96028
20250227100010830,6,95476
20250227100010829,7,50917
20250227100010828,1,47211
20250227100010827,7,36957
20250227100010826,5,64115
20250227100010825,8,20748
20250227100010824,1,55521
20250227100010823,5,86445
20250227100010822,3,28803
20250227100010821,1,12981
20250227100010820,8,11498
20250227100010819,3,22093
20250227100010818,5,72025
20250227100010817,6,94546
20250227100010816,6,32796
20250227100010815,0,86790
20250227100010814,8,29198
20250227100010813,2,68222
20250227100010812,7,79237
20250227100010811,7,98627
20250227100010810,3,53083
20250227100010809,1,59641
20250227100010808,2,78312
20250227100010807,3,44313
20250227100010806,3,47513
20250227100010793,2,37612
20250227100010792,3,80993
20250227100010791,5,53965
20250227100010790,9,96869
20250227100010789,5,14385
20250227100010788,3,72133
20250227100010787,1,36201
20250227100010786,1,17781
20250227100010785,5,17845
20250227100010784,9,89569
20250227100010760,1,80701
20250227100010759,7,14017
20250227100010758,8,80918
20250227100010757,0,17250
20250227100010756,5,75715
20250227100010755,7,36027
20250227100010754,8,14918
20250227100010753,1,36221
20250227100010752,1,37491
20250227100010751,5,11795
20250227100010718,7,23057
20250227100010717,7,48067
20250227100010716,8,93988
20250227100010715,3,45333
20250227100010714,3,53663
20250227100010713,9,25949
20250227100010712,2,36402
20250227100010711,9,77039
20250227100010710,1,80431
20250227100010709,6,72096
20250227100010707,4,41964
20250227100010706,1,62161
20250227100010705,7,30417
20250227100010704,1,85351
20250227100010703,9,51679
20250227100010702,5,10885
20250227100010701,5,63795
20250227100010700,3,78423
20250227100010699,9,23709
20250227100010698,7,80987
20250227100010697,3,59983
20250227100010696,2,98432
20250227100010695,9,87019
20250227100010694,8,56648
20250227100010693,9,81739
20250227100010692,9,27589
20250227100010691,2,34762
20250227100010690,7,81567
20250227100010689,9,74579
20250227100010687,8,10788
20250227100010686,3,14063
20250227100010685,4,20624
20250227100010684,6,94596
20250227100010683,3,24903
20250227100010682,1,23881
20250227100010681,1,68751
20250227100010680,4,23964
20250227100010679,5,56785
20250227100010678,0,27860
20250227100010676,6,99846
20250227100010675,2,90122
20250227100010674,1,19691
20250227100010673,4,46404
20250227100010672,4,78344
20250227100010671,5,93215
20250227100010670,6,14946
20250227100010669,0,10620
20250227100010668,2,89302
20250227100010667,5,61655
20250227100010657,3,32253
20250227100010656,5,23405
20250227100010655,2,50522
20250227100010654,5,34225
20250227100010653,3,69033
20250227100010652,4,27674
20250227100010651,5,55355
20250227100010650,2,59282
20250227100010649,4,70424
20250227100010648,2,83832
20250227100010647,1,91981
20250227100010646,2,20052
20250227100010645,9,29359
20250227100010644,1,28271
20250227100010643,6,52106
20250227100010642,8,21328
20250227100010641,8,84468
20250227100010640,6,21136
20250227100010639,5,54775
20250227100010638,0,14780
20250227100010637,8,11778
20250227100010636,0,12840
20250227100010635,3,28193
20250227100010634,3,33983
20250227100010633,7,74207
20250227100010632,8,61148
20250227100010631,5,86815
20250227100010630,2,83592
20250227100010629,0,42580
20250227100010616,5,67445
20250227100010615,8,40588
20250227100010614,0,27470
20250227100010613,4,76814
20250227100010612,3,50733
20250227100010611,7,92497
20250227100010610,0,43880
20250227100010609,8,65808
20250227100010608,5,57405
20250227100010607,8,83318
20250227100010594,9,41049
20250227100010593,5,91425
20250227100010592,0,90420
20250227100010591,1,59081
20250227100010590,7,99127
20250227100010589,7,70947
20250227100010588,4,88654
20250227100010587,0,13600
20250227100010586,2,83412
20250227100010585,1,66881
20250227100010584,4,53004
20250227100010583,0,42300
20250227100010582,4,73934
20250227100010581,3,19213
20250227100010580,0,49340
20250227100010579,2,67772
20250227100010578,8,44748
20250227100010577,9,55709
20250227100010576,1,38301
20250227100010575,8,50698
20250227100010572,6,24656
20250227100010571,5,48505
20250227100010570,2,64672
20250227100010569,8,95148
20250227100010568,9,75849
20250227100010567,4,71794
20250227100010566,2,51632
20250227100010565,1,80051
20250227100010564,5,94085
20250227100010563,2,47732
20250227100010557,0,26850
20250227100010556,2,46882
20250227100010555,5,92475
20250227100010554,4,72044
20250227100010553,8,10278
20250227100010552,0,80620
20250227100010551,4,73014
20250227100010550,6,42556
20250227100010549,6,36286
20250227100010548,6,72326
20250227100010534,7,68947
20250227100010533,1,16601
20250227100010532,2,15462
20250227100010531,1,53951
20250227100010530,0,81900
20250227100010529,5,99695
20250227100010528,0,59210
20250227100010527,1,90841
20250227100010526,9,32229
20250227100010525,9,20659
20250227100010523,8,77008
20250227100010522,6,28556
20250227100010521,6,79236
20250227100010520,5,98855
20250227100010519,6,98746
20250227100010518,9,30899
20250227100010517,7,75237
20250227100010516,1,20831
20250227100010515,8,31978
20250227100010514,8,35828
20250227100010507,3,21493
20250227100010506,2,61812
20250227100010505,1,93371
20250227100010504,4,61544
20250227100010503,1,53871
20250227100010502,4,90284
20250227100010501,9,45969
20250227100010500,8,71508
20250227100010499,8,79898
20250227100010498,6,34546
20250227100010477,4,55834
20250227100010476,1,45561
20250227100010475,6,69326
20250227100010474,8,82288
20250227100010473,2,90872
20250227100010472,6,84636
20250227100010471,1,73381
20250227100010470,5,57915
20250227100010469,2,33322
20250227100010468,6,99806
20250227100010467,4,38834
20250227100010466,0,43270
20250227100010465,5,32835
20250227100010464,0,88130
20250227100010463,7,58437
20250227100010462,3,41153
20250227100010461,1,91261
20250227100010460,7,75497
20250227100010459,8,17228
20250227100010458,9,91769
20250227100010457,9,53259
20250227100010456,1,70281
20250227100010455,3,71613
20250227100010454,9,91689
20250227100010453,0,42840
20250227100010452,3,30183
20250227100010451,6,31426
20250227100010450,9,50479
20250227100010449,8,86678
20250227100010448,6,62426
20250227100010447,8,56728
20250227100010446,4,11184
20250227100010445,3,18883
20250227100010444,7,68947
20250227100010443,4,27184
20250227100010442,2,29772
20250227100010441,4,20424
20250227100010440,3,97283
20250227100010439,9,83119
20250227100010435,2,24892
20250227100010434,1,70501
20250227100010433,0,19080
20250227100010432,4,13234
20250227100010431,7,47647
20250227100010430,0,43780
20250227100010429,9,38039
20250227100010428,8,19898
20250227100010427,0,56850
20250227100010426,8,94088
20250227100010414,6,24846
20250227100010413,6,48806
20250227100010412,5,31105
20250227100010411,7,84097
20250227100010410,2,59392
20250227100010409,7,21327
20250227100010408,1,61461
20250227100010407,3,66463
20250227100010406,9,87519
20250227100010405,4,33794
20250227100010404,9,69739
20250227100010403,7,25907
20250227100010402,4,41054
20250227100010401,5,31715
20250227100010400,2,97142
20250227100010399,5,60045
20250227100010398,8,80398
20250227100010397,8,83288
20250227100010396,5,59295
20250227100010395,5,21285
20250227100010382,6,87156
20250227100010381,3,93163
20250227100010380,5,14925
20250227100010379,5,84995
20250227100010378,7,25787
20250227100010377,4,87214
20250227100010376,0,69170
20250227100010375,5,40505
20250227100010374,5,80905
20250227100010373,8,52368
20250227100010354,4,56404
20250227100010353,5,27245
20250227100010352,0,74350
20250227100010351,1,92751
20250227100010350,3,41303
20250227100010349,0,20210
20250227100010348,8,53628
20250227100010347,3,90243
20250227100010346,6,49596
20250227100010345,9,10249
20250227100010344,7,46037
20250227100010343,7,72367
20250227100010342,0,40950
20250227100010341,7,14017
20250227100010340,6,91146
20250227100010339,6,97656
20250227100010338,1,47261
20250227100010337,7,15097
20250227100010336,9,23899
20250227100010335,1,55491
20250227100010334,8,42948
20250227100010333,3,87833
20250227100010332,8,64218
20250227100010331,6,71366
20250227100010330,7,10247
20250227100010329,3,35983
20250227100010328,6,79676
20250227100010327,4,69364
20250227100010326,1,10951
20250227100010325,1,21791
20250227100010316,8,13468
20250227100010315,5,55415
20250227100010314,9,58899
20250227100010313,0,93910
20250227100010312,6,56666
20250227100010311,8,35058
20250227100010310,6,41456
20250227100010309,6,40796
20250227100010308,6,88496
20250227100010307,6,80806
20250227100010294,9,20579
20250227100010293,2,69762
20250227100010292,2,25932
20250227100010291,5,20855
20250227100010290,1,14481
20250227100010289,8,20778
20250227100010288,1,40721
20250227100010287,7,42487
20250227100010286,2,63262
20250227100010285,2,84682
20250227100010281,8,49748
20250227100010280,6,73436
20250227100010279,8,35008
20250227100010278,4,86654
20250227100010277,3,67963
20250227100010276,6,32236
20250227100010275,3,14983
20250227100010274,1,60041
20250227100010273,1,57991
20250227100010272,9,97649
20250227100010265,3,23593
20250227100010264,9,38259
20250227100010263,8,13528
20250227100010262,1,84071
20250227100010261,2,82362
20250227100010260,3,11803
20250227100010259,3,45453
20250227100010258,8,87878
20250227100010257,0,85570
20250227100010256,1,34861
20250227100010237,9,60869
20250227100010236,2,23362
20250227100010235,8,59128
20250227100010234,7,10697
20250227100010233,5,88205
20250227100010232,1,50621
20250227100010231,7,54047
20250227100010230,8,54348
20250227100010229,2,31762
20250227100010228,0,56040
20250227100010227,5,17315
20250227100010226,1,67641
20250227100010225,3,38743
20250227100010224,1,31751
20250227100010223,7,89867
20250227100010222,7,48727
20250227100010221,7,84307
20250227100010220,2,44392
20250227100010219,5,54975
20250227100010215,0,61970
20250227100010214,0,64720
20250227100010213,9,98749
20250227100010212,4,57244
20250227100010211,0,43920
20250227100010210,3,34753
20250227100010209,4,56134
20250227100010208,0,68770
20250227100010207,7,39497
20250227100010206,8,72878
20250227100010186,6,24666
20250227100010185,8,14778
20250227100010184,2,37982
20250227100010183,3,74753
20250227100010182,4,71264
20250227100010181,1,75981
20250227100010180,5,41275
20250227100010179,0,20890
20250227100010178,0,72650
20250227100010177,5,13805
20250227100010158,9,38409
20250227100010157,6,35526
20250227100010156,3,17893
20250227100010155,8,33048
20250227100010154,7,78227
20250227100010153,6,12376
20250227100010152,8,13358
20250227100010151,0,19290
20250227100010150,0,91420
20250227100010149,3,40793
20250227100010082,3,70923
20250227100010081,3,15663
20250227100010080,4,96234
20250227100010079,6,45556
20250227100010078,1,54961
20250227100010077,5,98835
20250227100010076,9,77029
20250227100010075,1,73191
20250227100010074,0,22530
20250227100010073,4,64104
20250226100011436,8,33928
20250226100011435,0,37340
20250226100011434,5,30065
20250226100011433,4,13664
20250226100011432,2,69362
20250226100011431,4,94824
20250226100011430,9,33849
20250226100011429,9,38619
20250226100011428,1,69441
20250226100011427,9,58339
20250226100011426,3,62143
20250226100011425,8,33738
20250226100011424,7,62477
20250226100011423,4,78524
20250226100011422,2,50552
20250226100011421,5,23735
20250226100011420,6,59546
20250226100011419,5,18785
20250226100011418,3,15853
20250226100011417,8,35788
20250226100011416,5,14525
20250226100011415,8,65238
20250226100011414,9,75469
20250226100011413,4,85414
20250226100011412,2,71272
20250226100011411,3,70283
20250226100011410,7,97527
20250226100011409,3,32273
20250226100011408,3,47423
20250226100011401,3,36193
20250226100011400,9,35169
20250226100011399,1,53501
20250226100011398,9,62969
20250226100011397,3,67903
20250226100011396,3,26573
20250226100011395,9,52119
20250226100011394,1,82741
20250226100011393,3,93553
20250226100011392,4,32034
20250226100011378,6,36026
20250226100011377,5,66655
20250226100011376,1,62061
20250226100011375,6,79986
20250226100011374,5,21775
20250226100011373,6,36976
20250226100011372,3,47463
20250226100011371,7,52397
20250226100011370,6,48916
20250226100011369,1,53231
20250226100011368,3,77153
20250226100011367,9,49489
20250226100011366,1,58031
20250226100011365,3,97273
20250226100011364,1,61441
20250226100011363,4,64554
20250226100011362,0,61800
20250226100011361,4,48994
20250226100011360,7,94387
20250226100011359,3,70793
20250226100011358,0,44140
20250226100011357,1,36541
20250226100011356,2,27052
20250226100011355,4,23494
20250226100011354,1,99591
20250226100011353,3,42663
20250226100011352,0,94360
20250226100011351,4,60924
20250226100011350,1,18861
20250226100011349,0,17300
20250226100011341,0,61760
20250226100011340,6,48606
20250226100011339,5,78735
20250226100011338,4,39834
20250226100011337,2,53562
20250226100011336,9,63479
20250226100011335,8,98858
20250226100011334,8,92128
20250226100011333,6,65166
20250226100011332,4,84654
20250226100011318,6,86866
20250226100011317,9,85479
20250226100011316,2,62092
20250226100011315,5,60335
20250226100011314,4,39904
20250226100011313,6,28046
20250226100011312,6,85036
20250226100011311,4,79984
20250226100011310,4,31484
20250226100011309,6,72426
20250226100011308,1,28841
20250226100011307,4,82474
20250226100011306,1,86711
20250226100011305,0,14270
20250226100011304,6,24846
20250226100011303,8,22288
20250226100011302,5,43735
20250226100011301,3,52233
20250226100011300,7,18637
20250226100011299,8,94978
20250226100011298,1,51101
20250226100011297,7,71087
20250226100011296,2,88092
20250226100011295,4,28304
20250226100011294,5,56495
20250226100011293,5,81125
20250226100011292,6,57056
20250226100011291,2,43462
20250226100011290,5,49355
20250226100011289,6,36456
20250226100011288,4,14174
20250226100011287,9,45319
20250226100011286,2,16812
20250226100011285,5,38985
20250226100011284,7,71447
20250226100011283,8,48058
20250226100011282,0,73430
20250226100011281,4,11854
20250226100011280,7,67137
20250226100011274,9,76549
20250226100011273,7,44657
20250226100011272,7,49157
20250226100011271,6,77446
20250226100011270,1,15321
20250226100011269,1,88651
20250226100011268,6,41746
20250226100011267,8,41098
20250226100011266,9,76809
20250226100011265,9,56649
20250226100011254,6,47176
20250226100011253,2,15662
20250226100011252,3,38903
20250226100011251,1,51481
20250226100011250,3,84623
20250226100011249,8,10078
20250226100011248,8,26358
20250226100011247,9,21069
20250226100011246,3,52053
20250226100011245,0,74450
20250226100011244,1,69411
20250226100011243,6,62606
20250226100011242,1,43961
20250226100011241,3,24623
20250226100011240,7,59127
20250226100011239,7,83977
20250226100011238,0,33820
20250226100011237,2,52092
20250226100011236,6,29786
20250226100011235,3,58283
20250226100011233,0,39280
20250226100011232,3,48913
20250226100011231,7,58357
20250226100011230,0,91730
20250226100011229,8,53748
20250226100011228,9,17409
20250226100011227,6,63196
20250226100011226,6,93236
20250226100011225,4,19604
20250226100011224,0,69030
20250226100011218,1,11441
20250226100011217,0,93650
20250226100011216,7,67387
20250226100011215,7,84167
20250226100011214,4,33054
20250226100011213,6,50256
20250226100011212,1,23301
20250226100011211,0,17600
20250226100011210,3,67063
20250226100011209,9,55889
20250226100011195,4,31974
20250226100011194,8,74708
20250226100011193,6,33916
20250226100011192,9,91289
20250226100011191,8,99078
20250226100011190,1,10031
20250226100011189,1,95021
20250226100011188,3,28893
20250226100011187,9,65949
20250226100011186,2,37912
20250226100011185,8,90658
20250226100011184,9,66299
20250226100011183,4,75564
20250226100011182,6,71276
20250226100011181,7,98777
20250226100011180,0,35130
20250226100011179,7,14987
20250226100011178,9,37099
20250226100011177,4,23804
20250226100011176,1,25291
20250226100011175,0,27980
20250226100011174,3,56423
20250226100011173,0,11580
20250226100011172,9,69919
20250226100011171,0,91590
20250226100011170,8,26098
20250226100011169,1,14791
20250226100011168,0,37650
20250226100011167,3,53353
20250226100011165,6,30316
20250226100011164,9,82499
20250226100011163,3,64123
20250226100011162,3,32553
20250226100011161,6,58976
20250226100011160,9,43479
20250226100011159,4,75824
20250226100011158,4,46664
20250226100011157,8,12428
20250226100011156,4,58404
20250226100011152,8,65278
20250226100011151,7,34127
20250226100011150,7,15447
20250226100011149,9,80249
20250226100011148,3,10343
20250226100011147,8,34498
20250226100011146,3,21313
20250226100011145,5,73105
20250226100011144,9,92589
20250226100011143,2,19452
20250226100011134,4,49004
20250226100011133,3,25743
20250226100011132,7,58997
20250226100011131,4,94824
20250226100011130,4,29804
20250226100011129,1,74951
20250226100011128,3,67343
20250226100011127,7,97077
20250226100011126,0,21790
20250226100011125,0,90840
20250226100011124,9,26089
20250226100011123,6,43966
20250226100011122,0,85800
20250226100011121,4,37934
20250226100011120,8,78158
20250226100011119,7,66217
20250226100011118,1,73061
20250226100011117,9,62059
20250226100011116,3,26663
20250226100011115,8,74658
20250226100011101,8,62908
20250226100011100,3,98563
20250226100011099,7,27887
20250226100011098,2,36502
20250226100011097,0,45840
20250226100011096,2,31652
20250226100011095,2,32732
20250226100011094,5,14175
20250226100011093,6,25716
20250226100011092,9,71619
20250226100011074,6,17576
20250226100011073,4,21784
20250226100011072,9,42949
20250226100011071,3,89833
20250226100011070,1,88641
20250226100011069,1,34051
20250226100011068,7,61417
20250226100011067,7,23227
20250226100011066,4,38564
20250226100011065,3,93073
20250226100011064,8,41078
20250226100011063,5,22125
20250226100011062,8,31328
20250226100011061,9,25759
20250226100011060,3,77493
20250226100011059,7,68857
20250226100011058,4,17884
20250226100011057,0,94220
20250226100011056,0,71760
20250226100011055,5,61355
20250226100011051,6,49616
20250226100011050,2,66542
20250226100011049,6,63586
20250226100011048,5,22595
20250226100011047,8,52438
20250226100011046,3,62963
20250226100011045,6,89886
20250226100011044,1,87231
20250226100011043,3,91353
20250226100011042,3,51673
20250226100011034,2,32682
20250226100011033,8,74548
20250226100011032,7,95617
20250226100011031,3,43823
20250226100011030,2,35622
20250226100011029,5,55925
20250226100011028,1,89231
20250226100011027,8,24978
20250226100011026,8,73888
20250226100011025,2,65792
20250226100011015,4,79004
20250226100011014,1,75471
20250226100011013,4,77574
20250226100011012,4,20424
20250226100011011,2,60282
20250226100011010,9,44179
20250226100011009,4,52774
20250226100011008,2,97122
20250226100011007,8,98558
20250226100011006,8,49668
20250226100011004,1,18591
20250226100011003,7,10637
20250226100011002,6,65076
20250226100011001,1,47741
20250226100011000,5,60475
20250226100010999,6,93516
20250226100010998,8,43418
20250226100010997,1,54041
20250226100010996,6,72336
20250226100010995,3,60843
20250226100010983,8,33328
20250226100010982,9,59189
20250226100010981,0,54280
20250226100010980,3,67263
20250226100010979,1,80781
20250226100010978,7,62577
20250226100010977,2,92472
20250226100010976,7,70027
20250226100010975,1,61351
20250226100010974,7,10887
20250226100010956,3,72493
20250226100010955,9,16739
20250226100010954,7,40767
20250226100010953,4,57794
20250226100010952,0,12720
20250226100010951,7,88487
20250226100010950,1,33731
20250226100010949,6,71476
20250226100010948,7,51107
20250226100010947,6,33576
20250226100010946,8,50678
20250226100010945,6,49946
20250226100010944,5,81505
20250226100010943,5,85655
20250226100010942,8,95028
20250226100010941,2,60912
20250226100010940,0,26960
20250226100010939,2,28682
20250226100010938,5,76335
20250226100010937,9,41279
20250226100010936,0,70280
20250226100010935,2,20972
20250226100010934,4,20094
20250226100010933,8,95828
20250226100010932,0,80450
20250226100010931,9,11629
20250226100010930,6,17706
20250226100010929,3,65333
20250226100010928,9,51569
20250226100010927,8,36568
20250226100010918,0,56760
20250226100010917,5,31445
20250226100010916,2,26892
20250226100010915,2,47932
20250226100010914,2,61782
20250226100010913,2,28262
20250226100010912,0,83980
20250226100010911,7,64527
20250226100010910,5,19465
20250226100010909,7,56927
20250226100010895,1,74441
20250226100010894,5,56085
20250226100010893,4,95614
20250226100010892,7,61417
20250226100010891,6,62226
20250226100010890,0,71130
20250226100010889,5,10605
20250226100010888,6,79696
20250226100010887,2,27652
20250226100010886,9,44159
20250226100010885,3,38003
20250226100010884,2,45922
20250226100010883,3,28703
20250226100010882,2,23662
20250226100010881,4,85884
20250226100010880,3,69853
20250226100010879,6,88586
20250226100010878,2,73822
20250226100010877,7,93537
20250226100010876,8,67378
20250226100010874,7,20577
20250226100010873,8,14048
20250226100010872,4,97844
20250226100010871,8,79878
20250226100010870,4,49214
20250226100010869,2,75742
20250226100010868,3,72063
20250226100010867,5,30195
20250226100010866,3,48203
20250226100010865,5,99185
20250226100010855,8,30888
20250226100010854,5,56075
20250226100010853,6,26546
20250226100010852,9,19619
20250226100010851,8,66588
20250226100010850,7,85817
20250226100010849,3,70393
20250226100010848,1,30811
20250226100010847,7,28277
20250226100010846,6,59786
20250226100010834,8,97628
20250226100010833,5,38315
20250226100010832,9,38039
20250226100010831,9,47039
20250226100010830,9,69559
20250226100010829,6,19236
20250226100010828,3,13593
20250226100010827,8,40608
20250226100010826,3,75733
20250226100010825,4,20414
20250226100010824,5,83605
20250226100010823,3,61673
20250226100010822,1,84391
20250226100010821,3,23713
20250226100010820,5,55895
20250226100010819,6,39276
20250226100010818,3,97643
20250226100010817,7,31527
20250226100010816,5,24555
20250226100010815,6,90326
20250226100010814,1,16421
20250226100010813,7,59307
20250226100010812,8,87398
20250226100010811,3,80693
20250226100010810,8,50618
20250226100010809,6,77146
20250226100010808,1,47741
20250226100010807,7,32067
20250226100010806,4,90054
20250226100010805,8,96348
20250226100010793,4,91184
20250226100010792,4,50594
20250226100010791,5,43735
20250226100010790,6,54676
20250226100010789,3,47873
20250226100010788,5,79745
20250226100010787,2,20962
20250226100010786,3,21223
20250226100010785,9,90389
20250226100010784,4,24264
20250226100010761,3,30323
20250226100010760,1,20451
20250226100010759,1,18201
20250226100010758,3,34333
20250226100010757,2,19402
20250226100010756,2,72902
20250226100010755,6,11956
20250226100010754,7,14167
20250226100010753,2,57732
20250226100010752,4,73984
20250226100010717,3,78353
20250226100010716,9,64719
20250226100010715,2,30632
20250226100010714,1,35671
20250226100010713,8,31418
20250226100010712,1,56121
20250226100010711,4,88144
20250226100010710,0,74720
20250226100010709,1,82941
20250226100010708,8,73488
20250226100010707,8,86888
20250226100010706,0,27240
20250226100010705,8,36018
20250226100010704,4,75614
20250226100010703,2,25532
20250226100010702,1,46321
20250226100010701,2,31652
20250226100010700,6,22816
20250226100010699,2,25502
20250226100010698,6,42836
20250226100010697,1,26631
20250226100010696,0,41870
20250226100010695,1,82481
20250226100010694,8,69848
20250226100010693,6,51946
20250226100010692,6,17886
20250226100010691,5,89955
20250226100010690,7,34977
20250226100010689,3,90773
20250226100010687,2,89792
20250226100010686,1,99821
20250226100010685,9,15399
20250226100010684,0,30950
20250226100010683,0,63840
20250226100010682,4,71444
20250226100010681,1,22751
20250226100010680,2,92372
20250226100010679,4,40314
20250226100010678,9,89119
20250226100010676,6,75356
20250226100010675,8,43338
20250226100010674,6,42116
20250226100010673,2,87062
20250226100010672,9,53139
20250226100010671,0,48230
20250226100010670,8,62578
20250226100010669,0,45860
20250226100010668,2,92192
20250226100010667,2,11482
20250226100010657,1,52741
20250226100010656,5,89335
20250226100010655,5,72475
20250226100010654,0,58820
20250226100010653,8,25878
20250226100010652,9,34689
20250226100010651,7,97677
20250226100010650,0,22960
20250226100010649,1,63941
20250226100010648,6,11606
20250226100010647,8,25248
20250226100010646,4,85594
20250226100010645,5,73605
20250226100010644,3,89583
20250226100010643,3,17923
20250226100010642,3,19573
20250226100010641,4,31324
20250226100010640,5,70805
20250226100010639,8,31258
20250226100010638,9,36969
20250226100010637,2,82092
20250226100010636,4,75574
20250226100010635,9,26669
20250226100010634,7,60607
20250226100010633,0,33870
20250226100010632,1,52251
20250226100010631,4,79804
20250226100010630,2,82332
20250226100010629,6,32536
20250226100010628,7,76887
20250226100010617,2,62262
20250226100010616,1,34441
20250226100010615,4,33124
20250226100010614,0,41360
20250226100010613,4,89814
20250226100010612,3,74213
20250226100010611,2,76352
20250226100010610,3,47243
20250226100010609,4,50614
20250226100010608,6,60976
